[{"model": "accounts.user", "pk": 1, "fields": {"password": "!ZrrEOmivW4bOJGg3OaoV1O8Fg4W99tqqq2s5eRIR", "last_login": "2023-06-14T07:55:35.869Z", "is_superuser": false, "username": "admin12", "first_name": "", "last_name": "", "email": "dsad2@af.net", "is_staff": false, "is_active": true, "date_joined": "2023-06-14T07:55:28.084Z", "image": "", "birthday": null, "score": 0, "grade": "D", "groups": [], "user_permissions": [], "follow": []}}, {"model": "accounts.user", "pk": 2, "fields": {"password": "pbkdf2_sha256$600000$OmZZUL1Ul5rYDw9yJxaQpL$MERI7IOq9UAmzMlW5BRUgKD9T3q32HNrZWxx1UJI25Y=", "last_login": "2023-06-14T07:57:46.325Z", "is_superuser": true, "username": "admin", "first_name": "", "last_name": "", "email": "da@adn.en", "is_staff": true, "is_active": true, "date_joined": "2023-06-14T07:57:41.870Z", "image": "", "birthday": null, "score": 0, "grade": "D", "groups": [], "user_permissions": [], "follow": []}}, {"model": "accounts.user", "pk": 3, "fields": {"password": "pbkdf2_sha256$600000$nl7CRdTmZp5TqtpVy0ixlL$ybH3Y0ol104kmDS0mourng3cmWDo0b7gMl8Sf7Joa7Y=", "last_login": "2023-06-15T01:25:51.234Z", "is_superuser": false, "username": "haelim", "first_name": "", "last_name": "고해림", "email": "s@na.com", "is_staff": false, "is_active": true, "date_joined": "2023-06-15T01:25:48.807Z", "image": "", "birthday": "2000-01-01", "score": 0, "grade": "D", "groups": [], "user_permissions": [], "follow": []}}, {"model": "accounts.user", "pk": 4, "fields": {"password": "pbkdf2_sha256$600000$WasNFYa2unQkteJmbwXosL$Gx1CBnXfdXdqHhxCsvSVbPGf9zgX9Vo7OFI49EwqqIU=", "last_login": "2023-06-15T01:32:58.637Z", "is_superuser": false, "username": "dhckddls12", "first_name": "", "last_name": "오창인", "email": "dhckddls12@naver.com", "is_staff": false, "is_active": true, "date_joined": "2023-06-15T01:32:51.887Z", "image": "", "birthday": "2000-05-26", "score": 0, "grade": "D", "groups": [], "user_permissions": [], "follow": []}}, {"model": "accounts.user", "pk": 5, "fields": {"password": "pbkdf2_sha256$600000$e1tsiJpspc4SRN3wmRESKl$reWIdxY+JxpdzRdwOtmnEKicNNwQ88lh/IJQzUCpWHM=", "last_login": "2023-06-15T01:43:54.615Z", "is_superuser": false, "username": "admin1", "first_name": "", "last_name": "전성재", "email": "je2dfasd@naver.com", "is_staff": false, "is_active": true, "date_joined": "2023-06-15T01:43:49.776Z", "image": "", "birthday": "2000-01-01", "score": 0, "grade": "D", "groups": [], "user_permissions": [], "follow": []}}, {"model": "accounts.pnuuser", "pk": 1, "fields": {"name": "익명", "answer": "1234", "score": 4}}, {"model": "accounts.answer", "pk": 1, "fields": {"ans": "1234"}}, {"model": "posts.post", "pk": 1, "fields": {"user": 3, "title": "십만전자 언제 가나요?", "content": "십만전자 가고싶어요 삼멘", "category": "주식", "image": "images/post/2023/06/15/이재용.jpg", "created_at": "2023-06-15T01:27:26.433Z", "updated_at": "2023-06-15T01:27:26.433Z", "like_post": []}}, {"model": "posts.post", "pk": 2, "fields": {"user": 3, "title": "다들 청년도약계좌 신청하세요", "content": "15일 오늘부터, ‘청년도약계좌’의 가입 신청을 받기 시작해요. 청년도약계좌는 5년간 최대 70만 원을 저축하면, 정부 기여금을 합해 목돈을 수령할 수 있는 정책금융상품이에요. 15일부터 21일까지는 출생 연도 끝자리에 따라 5부제로 신청을 받습니다.", "category": "적금", "image": "", "created_at": "2023-06-15T01:29:22.214Z", "updated_at": "2023-06-15T01:29:22.214Z", "like_post": []}}, {"model": "posts.post", "pk": 3, "fields": {"user": 3, "title": "이수스페셜티케미컬 사셨나요??", "content": "이수화학에서 인적분할을 통해 설립한 ‘이수스페셜티케미컬’이 엄청난 상승세를 보이고 있어요. 이수스페셜티케미컬은 정밀화학 사업을 영위하는 기업이에요. 정밀화학 사업부문에 황화리튬 사업도 포함돼 있는데, 황화리튬은 전기차용 배터리에 필요한 전고체 배터리의 핵심 원료로 사용됩니다. 이수스페셜티케미컬은 새로운 2차전지 테마주로 떠오른 거예요.", "category": "주식", "image": "", "created_at": "2023-06-15T01:31:07.041Z", "updated_at": "2023-06-15T01:31:07.041Z", "like_post": []}}, {"model": "posts.post", "pk": 4, "fields": {"user": 3, "title": "다들 한 달에 얼마 쓰시나요", "content": "다들 한 달에 얼마 쓰시나요?\r\n짤이 아주그냥 제  통장 같네요", "category": "저축", "image": "images/post/2023/06/15/사용금액.png", "created_at": "2023-06-15T01:35:55.541Z", "updated_at": "2023-06-15T01:35:55.541Z", "like_post": [2]}}, {"model": "posts.post", "pk": 5, "fields": {"user": 4, "title": "잘나가던 이차전지 삐끗…에코프로 그룹株 10% 빠졌다", "content": "고공행진하던 이차전지 기업의 주가가 주춤하는 모양새다. 기관과 외국인의 주도로 10% 하락하면서다. 앞서 증권가에서는 이차전지가 과열됐다는 경고를 하기도 했다.\r\n\r\n14일 코스닥 대장주인 에코프로비엠(259,000원 ▲ 5,000 1.97%)은 전날보다 10.25% 하락한 25만4000원에 거래를 마쳤다. 상황은 다른 이차전지주도 마찬가지다. 에코프로(697,000원 ▲ 30,000 4.5%)와 엘앤에프(257,000원 ▲ 1,500 0.59%)도 각각 10.95%, 9.24% 떨어진 66만7000원, 25만5500원에 장을 마감했다.\r\n\r\n이차전지는 전기차 배터리 열풍에 미래 산업으로 각광받으면서 상반기 주식 시장의 핵심 테마가 됐다. 9만3400원으로 올해를 시작한 에코프로비엠은 지난 4월 29만6000원까지 올랐다. 11만원이었던 에코프로는 같은 달 76만9000원까지 상승했다. 엘앤에프는 18만5400원에서 33만7000원까지 올랐다.\r\n\r\n이 덕분에 실제 이차전지를 주요 구성 종목으로 하는 KRX 2차전지 K-뉴딜지수(전날 기준)는 올해 들어 51.26% 올랐다. 코스피 상승률(17.96%)의 3배 수준이다.\r\n\r\n하지만 이날 기관과 외국인의 매도에 코스닥 대표 이차전지 기업들의 주가가 10% 내외 빠졌다. 기관과 외국인은 각각 에코프로비엠을 297억원, 1060억원어치 매도했다. 에코프로는 기관이 510억원, 외국인이 695억원 규모로 팔아치웠으며, 엘앤에프는 기관이 352억원, 외국인이 574억원 순매도했다.\r\n\r\n일찍이 국내 이차전지들이 과열됐다는 신호는 곳곳에서 나왔다. 지난달 한병화 유진투자증권 연구원은 에코프로비엠에 대해 “현 주가는 2030년까지의 예상 성장이 반영된 상태”라며 “매도로 투자 의견을 추가 하향한다”고 했다.\r\n\r\n4월 12일 김현수 하나증권 연구원도 에코프로에 대해 리포트를 내면서 “위대한 기업이지만 현 주가는 그 위대함을 상당 부분 반영하고 있다”며 “좋은 주식이라고 보기 어렵다”고 했다. 당시 에코프로의 시가총액이 5년 후 예상되는 기업의 가치를 넘었다는 이유에서다.\r\n\r\n미국 골드만삭스도 국내 이차전지주가 과열됐다고 판단했다. 12일 골드만삭스는 에코프로비엠과 포스코퓨처엠에 대해 ‘매도’ 의견을 냈다. 실적 대비 주가 수준이 높은 데다가 양극재는 품질이 대동소이하고 10년간 공급 과잉이 예상될 것이라는 이유에서다.\r\n\r\n유가증권시장에 상장된 이차전지 기업의 주가도 코스닥만큼은 아니지만 하락 마감했다. 이날 LG화학(710,000원 ▼ 9,000 -1.25%)과 포스코퓨처엠(374,500원 ▲ 1,500 0.4%)은 전날보다 2.31%, 5.09% 하락한 71만9000원, 37만3000원에 거래를 마쳤다.\r\n\r\n이들 종목 역시 기관과 외국인이 매도를 주도했다. 기관은 LG화학 83억원, 포스코퓨처엠을 219억원어치를, 외국인은 LG화학 205억원 순매도했다. 다만 외국인은 포스코퓨처엠을 161억원 순매수했다.", "category": "주식", "image": "images/post/2023/06/15/img.png", "created_at": "2023-06-15T01:38:22.850Z", "updated_at": "2023-06-15T01:38:22.850Z", "like_post": [3]}}, {"model": "posts.post", "pk": 6, "fields": {"user": 3, "title": "20대에 1억 모으기", "content": "어떤 분이 월급 240만 원 중 180만 원을 저축해, 28세에 1억 원을 모았다고 하네요. ‘재테크 황금기’라고 말하는 사회초년생, 본가 거주 환경을 100% 활용해 빠르게 돈을 모았다고 해요. 부럽습니다 ..", "category": "저축", "image": "", "created_at": "2023-06-15T01:40:26.586Z", "updated_at": "2023-06-15T01:40:26.586Z", "like_post": [3, 5]}}, {"model": "posts.comment", "pk": 1, "fields": {"post": 3, "user": 4, "content": ",,", "created_at": "2023-06-15T01:33:09.274Z", "like_comment": []}}, {"model": "posts.comment", "pk": 2, "fields": {"post": 4, "user": 2, "content": "ㅇㅇ", "created_at": "2023-06-15T01:36:51.636Z", "like_comment": []}}, {"model": "posts.comment", "pk": 3, "fields": {"post": 4, "user": 2, "content": "ㅇㅇ", "created_at": "2023-06-15T01:36:54.533Z", "like_comment": []}}, {"model": "posts.comment", "pk": 4, "fields": {"post": 4, "user": 2, "content": "ㅇㅇ", "created_at": "2023-06-15T01:36:57.544Z", "like_comment": []}}, {"model": "posts.comment", "pk": 5, "fields": {"post": 4, "user": 2, "content": "11", "created_at": "2023-06-15T01:37:00.262Z", "like_comment": []}}, {"model": "posts.comment", "pk": 6, "fields": {"post": 4, "user": 2, "content": "3", "created_at": "2023-06-15T01:37:02.614Z", "like_comment": []}}, {"model": "posts.comment", "pk": 7, "fields": {"post": 4, "user": 2, "content": "ㅇㄴㅇ", "created_at": "2023-06-15T01:38:29.365Z", "like_comment": []}}, {"model": "posts.comment", "pk": 8, "fields": {"post": 5, "user": 4, "content": "ㅇㅇ", "created_at": "2023-06-15T01:38:52.348Z", "like_comment": []}}, {"model": "posts.comment", "pk": 9, "fields": {"post": 5, "user": 4, "content": "ㅎㅎ", "created_at": "2023-06-15T01:38:55.500Z", "like_comment": []}}, {"model": "posts.comment", "pk": 10, "fields": {"post": 6, "user": 4, "content": "헐 정말요?", "created_at": "2023-06-15T01:40:57.257Z", "like_comment": []}}, {"model": "posts.comment", "pk": 11, "fields": {"post": 5, "user": 2, "content": "ㅇㅇ", "created_at": "2023-06-15T01:42:10.330Z", "like_comment": []}}, {"model": "posts.comment", "pk": 12, "fields": {"post": 5, "user": 3, "content": "좋은 정보 감사합니다", "created_at": "2023-06-15T01:42:27.162Z", "like_comment": []}}, {"model": "posts.comment", "pk": 13, "fields": {"post": 6, "user": 5, "content": "우와", "created_at": "2023-06-15T01:53:49.977Z", "like_comment": []}}, {"model": "products.product", "pk": 1, "fields": {"user": 4, "title": "TIGER 차이나항셍테크레버리지(합성H)", "content": "운용목표\t\"이 투자신착은 주식관련 파생상품 및 집합투자증권을 주된 투자대상자산으로 하며, 홍콩에 상장된 중국 기업의 주식으로 구성된 Hang Seng Tech 지수를 기초지수로 하여 1좌당 순자산가치의 일간 변동률을 기초지수 일간변동률의 양의 2배수로 연동하여 투자신탁재산을 운용함을 목적으로 한다. \"\r\n운용방법\t이 투자신탁은 Hang Seng Indexes에서 발표하는 “Hang Seng TECH 지수”를 기초지수로 하여 기초지수의 일간수익률의 양(陽)의 2배수 수익률과 연동하는 것을 목적으로 하는 상장지수투자신탁으로서, 기초지수관련 파생상품(스왑) 및 집합투 자증권을 주된 투자대상으로 하여 투자신탁의 일간수익률이 기초지수 일간수익률의 양(陽)의 2배수 수익률과 연동하도록 운용합니다.\r\n환헤지 사항\t환헤지를 실시합니다.\r\n설정단위(1CU)\t10,000좌\r\n총보수\t0.58% (집합투자업자 0.53%, AP/LP 보수 0.01%, 신탁회사 0.02%, 사무관리 0.02%)\r\n과세내용\t매매차익은 배당소득세 과세(보유기간 과세) : Min(매매차익, 과표 증분) X 15.4%\r\n분배금은 배당소득세 과세 : Min(현금분배금, 과표증분) X 15.4%\r\n분배금 지급 기준일\t\r\n- 지급기준일 : 회계기간 종료일(다만 회계기간 종료일이 영업일이 아닌 경우 그 직전 영업일)\r\n- 지 급 시 기 : 지급기준일 익영업일로부터 제7영업일 이내\r\n분배금 지급현황\r\n지정참가회사(AP) \r\n도움말\r\nKB증권, NH투자증권, 메리츠증권, 미래에셋증권, 삼성증권, 신한투자증권, 이베스트투자증권, 키움증권, 한국투자증권, 한화투자증권\r\n유동성공급자(LP) -- \r\n도움말\r\nKB증권, NH투자증권, 메리츠증권, 미래에셋증권, 삼성증권, 신한투자증권, 이베스트투자증권, 키움증권, 한화투자증권\r\n관련문서\r\n투자설명서\r\n간이투자설명서\r\n집합투자규약\r\n월간운용보고서 (FactSheet)\r\n기초지수 \r\n도움말\r\n*산출기관: Hang Senf Indexes Company Limited\r\n*지수개요 : 홍콩에 상장된 중국 봍노 기업 중 아래 요건에 부합하는 시가총액 상위  구성된 지수\r\n*정기변경 : 연 4회(매 3, 6, 9, 12월)\r\n*기준일 및 기준지수 2014.12.31 = 3,000 포인트 \r\n확인해주세요\r\n비교지수는 회사의 판단에 따라 변경될 수 있으며, 변경시에는 법 제89조제2항에 따라 집합투자업자 등의 홈페이지 및 한국거래소 공시 등을 통해 안내해 드릴 예정입니다.", "image": "", "created_at": "2023-06-15T01:40:00.061Z", "updated_at": "2023-06-15T01:40:00.061Z", "like_product": [5]}}, {"model": "products.product", "pk": 2, "fields": {"user": 5, "title": "행운적금(광주은행)", "content": "-금리\r\n3.50% (12개월), 최고 13.50%(12개월)\r\n-기간\r\n12개월\r\n-금액\r\n정액적립식 : 월 5만원 이상 50만원 이내\r\n자유적립식 : 최초 가입금액 5만원 이상, 추가 적립금액 1,000원 이상, 월(1일부터 말일까지) 적립한도 50만원 이내", "image": "images/product/2023/06/15/다운로드.jpg", "created_at": "2023-06-15T01:44:52.759Z", "updated_at": "2023-06-15T01:48:30.012Z", "like_product": []}}, {"model": "products.product", "pk": 3, "fields": {"user": 5, "title": "데일리 워킹 적금(우리은행)", "content": "-금리\r\n1.00% (6개월), 최고 11.00%(6개월)\r\n-기간\r\n6개월\r\n-금액\r\n1원 ~ 10,000원, 일 1만원 이하 적립\r\n-대상\r\n추첨 이벤트 당첨 등에 의해 우리은행으로부터 인증번호를 부여받은 실명의 개인(1인 1계좌)", "image": "images/product/2023/06/15/다운로드_1.jpg", "created_at": "2023-06-15T01:47:54.578Z", "updated_at": "2023-06-15T01:48:19.225Z", "like_product": []}}, {"model": "products.product", "pk": 4, "fields": {"user": 5, "title": "하나 아이키움 적금(하나은행)", "content": "-금리\r\n2.00% (12개월), 최고 8.00%(12개월)\r\n-기간\r\n1년\r\n-금액\r\n1만원 이상 ~ 30만원 이하 (원단위)\r\n-대상\r\n실명의 개인 및 개인사업자 (1인 1계좌)\r\n-우대\r\n입출금통장, 은행앱사용, 주택청약", "image": "images/product/2023/06/15/다운로드_2.jpg", "created_at": "2023-06-15T01:49:29.756Z", "updated_at": "2023-06-15T01:49:29.756Z", "like_product": []}}, {"model": "taggit.tag", "pk": 1, "fields": {"name": "주식", "slug": "주식"}}, {"model": "taggit.tag", "pk": 2, "fields": {"name": "삼성전자", "slug": "삼성전자"}}, {"model": "taggit.tag", "pk": 3, "fields": {"name": "적금", "slug": "적금"}}, {"model": "taggit.tag", "pk": 4, "fields": {"name": "청년도약계좌", "slug": "청년도약계좌"}}, {"model": "taggit.tag", "pk": 5, "fields": {"name": "이수화학", "slug": "이수화학"}}, {"model": "taggit.tag", "pk": 6, "fields": {"name": "", "slug": ""}}, {"model": "taggit.tag", "pk": 7, "fields": {"name": "저축", "slug": "저축"}}, {"model": "taggit.tag", "pk": 8, "fields": {"name": "1억", "slug": "1억"}}, {"model": "taggit.taggeditem", "pk": 1, "fields": {"tag": 1, "content_type": 7, "object_id": 1}}, {"model": "taggit.taggeditem", "pk": 2, "fields": {"tag": 2, "content_type": 7, "object_id": 1}}, {"model": "taggit.taggeditem", "pk": 3, "fields": {"tag": 3, "content_type": 7, "object_id": 2}}, {"model": "taggit.taggeditem", "pk": 4, "fields": {"tag": 4, "content_type": 7, "object_id": 2}}, {"model": "taggit.taggeditem", "pk": 5, "fields": {"tag": 1, "content_type": 7, "object_id": 3}}, {"model": "taggit.taggeditem", "pk": 6, "fields": {"tag": 5, "content_type": 7, "object_id": 3}}, {"model": "taggit.taggeditem", "pk": 7, "fields": {"tag": 6, "content_type": 7, "object_id": 4}}, {"model": "taggit.taggeditem", "pk": 8, "fields": {"tag": 6, "content_type": 7, "object_id": 5}}, {"model": "taggit.taggeditem", "pk": 9, "fields": {"tag": 7, "content_type": 7, "object_id": 6}}, {"model": "taggit.taggeditem", "pk": 10, "fields": {"tag": 8, "content_type": 7, "object_id": 6}}, {"model": "admin.logentry", "pk": 1, "fields": {"action_time": "2023-06-14T08:21:04.432Z", "user": 2, "content_type": 1, "object_id": "1", "object_repr": "Answer object (1)", "action_flag": 1, "change_message": "[{\"added\": {}}]"}}, {"model": "admin.logentry", "pk": 2, "fields": {"action_time": "2023-06-14T08:21:25.516Z", "user": 2, "content_type": 2, "object_id": "1", "object_repr": "익명", "action_flag": 2, "change_message": "[{\"changed\": {\"fields\": [\"Answer\", \"Score\"]}}]"}}, {"model": "admin.logentry", "pk": 3, "fields": {"action_time": "2023-06-14T08:21:27.637Z", "user": 2, "content_type": 2, "object_id": "1", "object_repr": "익명", "action_flag": 2, "change_message": "[]"}}, {"model": "auth.permission", "pk": 1, "fields": {"name": "Can add answer", "content_type": 1, "codename": "add_answer"}}, {"model": "auth.permission", "pk": 2, "fields": {"name": "Can change answer", "content_type": 1, "codename": "change_answer"}}, {"model": "auth.permission", "pk": 3, "fields": {"name": "Can delete answer", "content_type": 1, "codename": "delete_answer"}}, {"model": "auth.permission", "pk": 4, "fields": {"name": "Can view answer", "content_type": 1, "codename": "view_answer"}}, {"model": "auth.permission", "pk": 5, "fields": {"name": "Can add pnu user", "content_type": 2, "codename": "add_pnuuser"}}, {"model": "auth.permission", "pk": 6, "fields": {"name": "Can change pnu user", "content_type": 2, "codename": "change_pnuuser"}}, {"model": "auth.permission", "pk": 7, "fields": {"name": "Can delete pnu user", "content_type": 2, "codename": "delete_pnuuser"}}, {"model": "auth.permission", "pk": 8, "fields": {"name": "Can view pnu user", "content_type": 2, "codename": "view_pnuuser"}}, {"model": "auth.permission", "pk": 9, "fields": {"name": "Can add question", "content_type": 3, "codename": "add_question"}}, {"model": "auth.permission", "pk": 10, "fields": {"name": "Can change question", "content_type": 3, "codename": "change_question"}}, {"model": "auth.permission", "pk": 11, "fields": {"name": "Can delete question", "content_type": 3, "codename": "delete_question"}}, {"model": "auth.permission", "pk": 12, "fields": {"name": "Can view question", "content_type": 3, "codename": "view_question"}}, {"model": "auth.permission", "pk": 13, "fields": {"name": "Can add user", "content_type": 4, "codename": "add_user"}}, {"model": "auth.permission", "pk": 14, "fields": {"name": "Can change user", "content_type": 4, "codename": "change_user"}}, {"model": "auth.permission", "pk": 15, "fields": {"name": "Can delete user", "content_type": 4, "codename": "delete_user"}}, {"model": "auth.permission", "pk": 16, "fields": {"name": "Can view user", "content_type": 4, "codename": "view_user"}}, {"model": "auth.permission", "pk": 17, "fields": {"name": "Can add comment", "content_type": 5, "codename": "add_comment"}}, {"model": "auth.permission", "pk": 18, "fields": {"name": "Can change comment", "content_type": 5, "codename": "change_comment"}}, {"model": "auth.permission", "pk": 19, "fields": {"name": "Can delete comment", "content_type": 5, "codename": "delete_comment"}}, {"model": "auth.permission", "pk": 20, "fields": {"name": "Can view comment", "content_type": 5, "codename": "view_comment"}}, {"model": "auth.permission", "pk": 21, "fields": {"name": "Can add emote", "content_type": 6, "codename": "add_emote"}}, {"model": "auth.permission", "pk": 22, "fields": {"name": "Can change emote", "content_type": 6, "codename": "change_emote"}}, {"model": "auth.permission", "pk": 23, "fields": {"name": "Can delete emote", "content_type": 6, "codename": "delete_emote"}}, {"model": "auth.permission", "pk": 24, "fields": {"name": "Can view emote", "content_type": 6, "codename": "view_emote"}}, {"model": "auth.permission", "pk": 25, "fields": {"name": "Can add post", "content_type": 7, "codename": "add_post"}}, {"model": "auth.permission", "pk": 26, "fields": {"name": "Can change post", "content_type": 7, "codename": "change_post"}}, {"model": "auth.permission", "pk": 27, "fields": {"name": "Can delete post", "content_type": 7, "codename": "delete_post"}}, {"model": "auth.permission", "pk": 28, "fields": {"name": "Can view post", "content_type": 7, "codename": "view_post"}}, {"model": "auth.permission", "pk": 29, "fields": {"name": "Can add product", "content_type": 8, "codename": "add_product"}}, {"model": "auth.permission", "pk": 30, "fields": {"name": "Can change product", "content_type": 8, "codename": "change_product"}}, {"model": "auth.permission", "pk": 31, "fields": {"name": "Can delete product", "content_type": 8, "codename": "delete_product"}}, {"model": "auth.permission", "pk": 32, "fields": {"name": "Can view product", "content_type": 8, "codename": "view_product"}}, {"model": "auth.permission", "pk": 33, "fields": {"name": "Can add post", "content_type": 9, "codename": "add_post"}}, {"model": "auth.permission", "pk": 34, "fields": {"name": "Can change post", "content_type": 9, "codename": "change_post"}}, {"model": "auth.permission", "pk": 35, "fields": {"name": "Can delete post", "content_type": 9, "codename": "delete_post"}}, {"model": "auth.permission", "pk": 36, "fields": {"name": "Can view post", "content_type": 9, "codename": "view_post"}}, {"model": "auth.permission", "pk": 37, "fields": {"name": "Can add tag", "content_type": 10, "codename": "add_tag"}}, {"model": "auth.permission", "pk": 38, "fields": {"name": "Can change tag", "content_type": 10, "codename": "change_tag"}}, {"model": "auth.permission", "pk": 39, "fields": {"name": "Can delete tag", "content_type": 10, "codename": "delete_tag"}}, {"model": "auth.permission", "pk": 40, "fields": {"name": "Can view tag", "content_type": 10, "codename": "view_tag"}}, {"model": "auth.permission", "pk": 41, "fields": {"name": "Can add tagged item", "content_type": 11, "codename": "add_taggeditem"}}, {"model": "auth.permission", "pk": 42, "fields": {"name": "Can change tagged item", "content_type": 11, "codename": "change_taggeditem"}}, {"model": "auth.permission", "pk": 43, "fields": {"name": "Can delete tagged item", "content_type": 11, "codename": "delete_taggeditem"}}, {"model": "auth.permission", "pk": 44, "fields": {"name": "Can view tagged item", "content_type": 11, "codename": "view_taggeditem"}}, {"model": "auth.permission", "pk": 45, "fields": {"name": "Can add log entry", "content_type": 12, "codename": "add_logentry"}}, {"model": "auth.permission", "pk": 46, "fields": {"name": "Can change log entry", "content_type": 12, "codename": "change_logentry"}}, {"model": "auth.permission", "pk": 47, "fields": {"name": "Can delete log entry", "content_type": 12, "codename": "delete_logentry"}}, {"model": "auth.permission", "pk": 48, "fields": {"name": "Can view log entry", "content_type": 12, "codename": "view_logentry"}}, {"model": "auth.permission", "pk": 49, "fields": {"name": "Can add permission", "content_type": 13, "codename": "add_permission"}}, {"model": "auth.permission", "pk": 50, "fields": {"name": "Can change permission", "content_type": 13, "codename": "change_permission"}}, {"model": "auth.permission", "pk": 51, "fields": {"name": "Can delete permission", "content_type": 13, "codename": "delete_permission"}}, {"model": "auth.permission", "pk": 52, "fields": {"name": "Can view permission", "content_type": 13, "codename": "view_permission"}}, {"model": "auth.permission", "pk": 53, "fields": {"name": "Can add group", "content_type": 14, "codename": "add_group"}}, {"model": "auth.permission", "pk": 54, "fields": {"name": "Can change group", "content_type": 14, "codename": "change_group"}}, {"model": "auth.permission", "pk": 55, "fields": {"name": "Can delete group", "content_type": 14, "codename": "delete_group"}}, {"model": "auth.permission", "pk": 56, "fields": {"name": "Can view group", "content_type": 14, "codename": "view_group"}}, {"model": "auth.permission", "pk": 57, "fields": {"name": "Can add content type", "content_type": 15, "codename": "add_contenttype"}}, {"model": "auth.permission", "pk": 58, "fields": {"name": "Can change content type", "content_type": 15, "codename": "change_contenttype"}}, {"model": "auth.permission", "pk": 59, "fields": {"name": "Can delete content type", "content_type": 15, "codename": "delete_contenttype"}}, {"model": "auth.permission", "pk": 60, "fields": {"name": "Can view content type", "content_type": 15, "codename": "view_contenttype"}}, {"model": "auth.permission", "pk": 61, "fields": {"name": "Can add session", "content_type": 16, "codename": "add_session"}}, {"model": "auth.permission", "pk": 62, "fields": {"name": "Can change session", "content_type": 16, "codename": "change_session"}}, {"model": "auth.permission", "pk": 63, "fields": {"name": "Can delete session", "content_type": 16, "codename": "delete_session"}}, {"model": "auth.permission", "pk": 64, "fields": {"name": "Can view session", "content_type": 16, "codename": "view_session"}}, {"model": "auth.permission", "pk": 65, "fields": {"name": "Can add email address", "content_type": 17, "codename": "add_emailaddress"}}, {"model": "auth.permission", "pk": 66, "fields": {"name": "Can change email address", "content_type": 17, "codename": "change_emailaddress"}}, {"model": "auth.permission", "pk": 67, "fields": {"name": "Can delete email address", "content_type": 17, "codename": "delete_emailaddress"}}, {"model": "auth.permission", "pk": 68, "fields": {"name": "Can view email address", "content_type": 17, "codename": "view_emailaddress"}}, {"model": "auth.permission", "pk": 69, "fields": {"name": "Can add email confirmation", "content_type": 18, "codename": "add_emailconfirmation"}}, {"model": "auth.permission", "pk": 70, "fields": {"name": "Can change email confirmation", "content_type": 18, "codename": "change_emailconfirmation"}}, {"model": "auth.permission", "pk": 71, "fields": {"name": "Can delete email confirmation", "content_type": 18, "codename": "delete_emailconfirmation"}}, {"model": "auth.permission", "pk": 72, "fields": {"name": "Can view email confirmation", "content_type": 18, "codename": "view_emailconfirmation"}}, {"model": "auth.permission", "pk": 73, "fields": {"name": "Can add social account", "content_type": 19, "codename": "add_socialaccount"}}, {"model": "auth.permission", "pk": 74, "fields": {"name": "Can change social account", "content_type": 19, "codename": "change_socialaccount"}}, {"model": "auth.permission", "pk": 75, "fields": {"name": "Can delete social account", "content_type": 19, "codename": "delete_socialaccount"}}, {"model": "auth.permission", "pk": 76, "fields": {"name": "Can view social account", "content_type": 19, "codename": "view_socialaccount"}}, {"model": "auth.permission", "pk": 77, "fields": {"name": "Can add social application", "content_type": 20, "codename": "add_socialapp"}}, {"model": "auth.permission", "pk": 78, "fields": {"name": "Can change social application", "content_type": 20, "codename": "change_socialapp"}}, {"model": "auth.permission", "pk": 79, "fields": {"name": "Can delete social application", "content_type": 20, "codename": "delete_socialapp"}}, {"model": "auth.permission", "pk": 80, "fields": {"name": "Can view social application", "content_type": 20, "codename": "view_socialapp"}}, {"model": "auth.permission", "pk": 81, "fields": {"name": "Can add social application token", "content_type": 21, "codename": "add_socialtoken"}}, {"model": "auth.permission", "pk": 82, "fields": {"name": "Can change social application token", "content_type": 21, "codename": "change_socialtoken"}}, {"model": "auth.permission", "pk": 83, "fields": {"name": "Can delete social application token", "content_type": 21, "codename": "delete_socialtoken"}}, {"model": "auth.permission", "pk": 84, "fields": {"name": "Can view social application token", "content_type": 21, "codename": "view_socialtoken"}}, {"model": "contenttypes.contenttype", "pk": 1, "fields": {"app_label": "accounts", "model": "answer"}}, {"model": "contenttypes.contenttype", "pk": 2, "fields": {"app_label": "accounts", "model": "pnuuser"}}, {"model": "contenttypes.contenttype", "pk": 3, "fields": {"app_label": "accounts", "model": "question"}}, {"model": "contenttypes.contenttype", "pk": 4, "fields": {"app_label": "accounts", "model": "user"}}, {"model": "contenttypes.contenttype", "pk": 5, "fields": {"app_label": "posts", "model": "comment"}}, {"model": "contenttypes.contenttype", "pk": 6, "fields": {"app_label": "posts", "model": "emote"}}, {"model": "contenttypes.contenttype", "pk": 7, "fields": {"app_label": "posts", "model": "post"}}, {"model": "contenttypes.contenttype", "pk": 8, "fields": {"app_label": "products", "model": "product"}}, {"model": "contenttypes.contenttype", "pk": 9, "fields": {"app_label": "chats", "model": "post"}}, {"model": "contenttypes.contenttype", "pk": 10, "fields": {"app_label": "taggit", "model": "tag"}}, {"model": "contenttypes.contenttype", "pk": 11, "fields": {"app_label": "taggit", "model": "taggeditem"}}, {"model": "contenttypes.contenttype", "pk": 12, "fields": {"app_label": "admin", "model": "logentry"}}, {"model": "contenttypes.contenttype", "pk": 13, "fields": {"app_label": "auth", "model": "permission"}}, {"model": "contenttypes.contenttype", "pk": 14, "fields": {"app_label": "auth", "model": "group"}}, {"model": "contenttypes.contenttype", "pk": 15, "fields": {"app_label": "contenttypes", "model": "contenttype"}}, {"model": "contenttypes.contenttype", "pk": 16, "fields": {"app_label": "sessions", "model": "session"}}, {"model": "contenttypes.contenttype", "pk": 17, "fields": {"app_label": "account", "model": "emailaddress"}}, {"model": "contenttypes.contenttype", "pk": 18, "fields": {"app_label": "account", "model": "emailconfirmation"}}, {"model": "contenttypes.contenttype", "pk": 19, "fields": {"app_label": "socialaccount", "model": "socialaccount"}}, {"model": "contenttypes.contenttype", "pk": 20, "fields": {"app_label": "socialaccount", "model": "socialapp"}}, {"model": "contenttypes.contenttype", "pk": 21, "fields": {"app_label": "socialaccount", "model": "socialtoken"}}, {"model": "sessions.session", "pk": "8sufqul1ibg29jj6qtz58233van5uxvy", "fields": {"session_data": ".eJxVjEEOwiAURO_C2hBogYI7vQj5Hz6B2NBEYGW8u63pQpfzZua9mIfRsx-Nnr5EdmWKXX4ZQnhQPQpY1wNzCGEbtfPv5qwbv-2Jai8Betnq_Xz9qTK0vHumaKZgtYqYrNFOOg0YKDk0oCRJkQTCNKNOc7SLnEWMhLhY5YxVWhKy9wfLGjys:1q9br8:qe9o2h8pIQHtLXXSi0PhoNpP_ahquDvilWsDVEbk4JU", "expire_date": "2023-06-29T01:32:58.643Z"}}, {"model": "sessions.session", "pk": "gve14uus7pxgfg4s1c8bhve975w40qhz", "fields": {"session_data": ".eJxVjM0KgzAQhN8l5yJxseymt_ZFZH8SIpUITTxJ371aPLTH-Wbm29zIa8vjWuNrnMzd3NVdfpmwPmM5Cp7nA3esuqyldd_NWdfuvqdY2qTcpqU8ztefKnPNu0eIghiSH9KgENDYR_ZgGqkfBJlTDCJAKUAIQKYmlpATYI_oGdz7A96rPUg:1q9c1i:uEPpMHOoBaYYLaehK2c3zM_FHo7WgU9_IzfSurmZtsQ", "expire_date": "2023-06-29T01:43:54.620Z"}}, {"model": "sessions.session", "pk": "sazsiqwfy7spvrkiim8dscgg9hkek1jn", "fields": {"session_data": ".eJxVjMEOgjAQRP-lZ0O6y0LBm_5Is91tA5GURNqT8d8Fw0GP82bmvYznWiZft_j0s5qrQXP5ZYHlEfNR8LIcuGGRtebSfDdnvTW3PcVcZuEyr_l-vv5UE2_T7pEeARRjsuiArbPkUhcgEJBq62JLhGNi7fphcKAJxiBkBROPLlBE8_4ApRw8Bw:1q9LNy:2d38phU26k5TVAHEO-w36LG50oxWLej0LWHPYXtZ3Nk", "expire_date": "2023-06-28T07:57:46.333Z"}}, {"model": "sessions.session", "pk": "ypewxdutpai4ar6tqf30m6kk9i2mskzk", "fields": {"session_data": ".eJxVjMsOwiAURP-FtWl4F9zpj5DL5RKIDU2Eroz_bmu60OWcmTkvFmAbJWydnqEmdmWKXX5ZBHxQOwpYlgNPgLhubUzfzVn36bYnaqMijLq2-_n6UxXoZfdEzbXj0pLwUaSkTMxCzJ5QK4VKcuX5LByhSN5mbshSApd19tFqLqVh7w-hVDux:1q9bkF:Ck0HdE6r-IJHhNNsQJh5yfX0XMDHPk6_cu-UNBrGFbw", "expire_date": "2023-06-29T01:25:51.240Z"}}, {"model": "account.emailaddress", "pk": 1, "fields": {"user": 1, "email": "dsad2@af.net", "verified": false, "primary": true}}, {"model": "socialaccount.socialaccount", "pk": 1, "fields": {"user": 1, "provider": "kakao", "uid": "2787626189", "last_login": "2023-06-14T07:55:35.834Z", "date_joined": "2023-06-14T07:55:35.834Z", "extra_data": "{\"id\": 2787626189, \"connected_at\": \"2023-05-12T16:10:23Z\", \"kakao_account\": {\"has_age_range\": true, \"age_range_needs_agreement\": true, \"has_birthday\": true, \"birthday_needs_agreement\": true, \"has_gender\": true, \"gender_needs_agreement\": true}}"}}]